"country","date","cases_new","cases_total","deaths_new","deaths_total","recovered_new","recovered_total","hosp_new","hosp_total","tested_new","tested_total"
"England",2020-01-30,2,2,NA,NA,NA,NA,NA,NA,NA,NA
"England",2020-01-31,0,2,NA,NA,NA,NA,NA,NA,NA,NA
"England",2020-02-01,0,2,NA,NA,NA,NA,NA,NA,NA,NA
"England",2020-02-02,0,2,NA,NA,NA,NA,NA,NA,NA,NA
"England",2020-02-03,0,2,NA,NA,NA,NA,NA,NA,NA,NA
"England",2020-02-04,0,2,NA,NA,NA,NA,NA,NA,NA,NA
"England",2020-02-05,1,3,NA,NA,NA,NA,NA,NA,NA,NA
"England",2020-02-06,0,3,NA,NA,NA,NA,NA,NA,NA,NA
"England",2020-02-07,0,3,NA,NA,NA,NA,NA,NA,NA,NA
"England",2020-02-08,4,7,NA,NA,NA,NA,NA,NA,NA,NA
"England",2020-02-09,1,8,NA,NA,NA,NA,NA,NA,NA,NA
"England",2020-02-10,0,8,NA,NA,NA,NA,NA,NA,NA,NA
"England",2020-02-11,1,9,NA,NA,NA,NA,NA,NA,NA,NA
"England",2020-02-12,0,9,NA,NA,NA,NA,NA,NA,NA,NA
"England",2020-02-13,0,9,NA,NA,NA,NA,NA,NA,NA,NA
"England",2020-02-14,0,9,NA,NA,NA,NA,NA,NA,NA,NA
"England",2020-02-15,0,9,NA,NA,NA,NA,NA,NA,NA,NA
"England",2020-02-16,0,9,NA,NA,NA,NA,NA,NA,NA,NA
"England",2020-02-17,0,9,NA,NA,NA,NA,NA,NA,NA,NA
"England",2020-02-18,0,9,NA,NA,NA,NA,NA,NA,NA,NA
"England",2020-02-19,0,9,NA,NA,NA,NA,NA,NA,NA,NA
"England",2020-02-20,0,9,NA,NA,NA,NA,NA,NA,NA,NA
"England",2020-02-21,1,10,NA,NA,NA,NA,NA,NA,NA,NA
"England",2020-02-22,0,10,NA,NA,NA,NA,NA,NA,NA,NA
"England",2020-02-23,1,11,NA,NA,NA,NA,NA,NA,NA,NA
"England",2020-02-24,2,13,NA,NA,NA,NA,NA,NA,NA,NA
"England",2020-02-25,5,18,NA,NA,NA,NA,NA,NA,NA,NA
"England",2020-02-26,4,22,NA,NA,NA,NA,NA,NA,NA,NA
"England",2020-02-27,7,29,NA,NA,NA,NA,NA,NA,NA,NA
"England",2020-02-28,11,40,NA,NA,NA,NA,NA,NA,NA,NA
"England",2020-02-29,5,45,NA,NA,NA,NA,NA,NA,NA,NA
"England",2020-03-01,20,65,NA,NA,NA,NA,NA,NA,NA,NA
"England",2020-03-02,38,103,1,1,NA,NA,NA,NA,NA,NA
"England",2020-03-03,54,157,2,3,NA,NA,NA,NA,NA,NA
"England",2020-03-04,49,206,0,3,NA,NA,NA,NA,NA,NA
"England",2020-03-05,46,252,3,6,NA,NA,NA,NA,NA,NA
"England",2020-03-06,73,325,0,6,NA,NA,NA,NA,NA,NA
"England",2020-03-07,55,380,0,6,NA,NA,NA,NA,NA,NA
"England",2020-03-08,50,430,3,9,NA,NA,NA,NA,NA,NA
"England",2020-03-09,125,555,5,14,NA,NA,NA,NA,NA,NA
"England",2020-03-10,228,783,3,17,NA,NA,NA,NA,NA,NA
"England",2020-03-11,351,1134,8,25,NA,NA,NA,NA,NA,NA
"England",2020-03-12,415,1549,12,37,NA,NA,NA,NA,NA,NA
"England",2020-03-13,392,1941,16,53,NA,NA,NA,NA,NA,NA
"England",2020-03-14,315,2256,20,73,NA,NA,NA,NA,NA,NA
"England",2020-03-15,396,2652,32,105,NA,NA,NA,NA,NA,NA
"England",2020-03-16,544,3196,43,148,NA,NA,NA,NA,NA,NA
"England",2020-03-17,680,3876,50,198,NA,NA,NA,NA,NA,NA
"England",2020-03-18,908,4784,67,265,NA,NA,NA,NA,NA,NA
"England",2020-03-19,927,5711,67,332,NA,NA,586,586,NA,NA
"England",2020-03-20,1084,6795,102,434,NA,NA,691,1277,NA,NA
"England",2020-03-21,1029,7824,116,550,NA,NA,777,2054,NA,NA
"England",2020-03-22,1206,9030,153,703,NA,NA,859,2913,NA,NA
"England",2020-03-23,2011,11041,173,876,NA,NA,1128,4041,NA,NA
"England",2020-03-24,2025,13066,219,1095,NA,NA,1544,5585,NA,NA
"England",2020-03-25,2255,15321,278,1373,NA,NA,1755,7340,NA,NA
"England",2020-03-26,2606,17927,337,1710,NA,NA,1639,8979,NA,NA
"England",2020-03-27,2646,20573,374,2084,NA,NA,1931,10910,NA,NA
"England",2020-03-28,2368,22941,384,2468,NA,NA,1873,12783,NA,NA
"England",2020-03-29,2436,25377,464,2932,NA,NA,2186,14969,NA,NA
"England",2020-03-30,3514,28891,541,3473,NA,NA,2817,17786,NA,NA
"England",2020-03-31,3781,32672,603,4076,NA,NA,2447,20233,NA,NA
"England",2020-04-01,4117,36789,698,4774,NA,NA,3099,23332,NA,NA
"England",2020-04-02,4061,40850,732,5506,NA,NA,2932,26264,NA,NA
"England",2020-04-03,4077,44927,743,6249,NA,NA,2564,28828,NA,NA
"England",2020-04-04,3378,48305,838,7087,NA,NA,2593,31421,NA,NA
"England",2020-04-05,3073,51378,829,7916,NA,NA,2592,34013,NA,NA
"England",2020-04-06,4366,55744,806,8722,NA,NA,2679,36692,NA,NA
"England",2020-04-07,4566,60310,910,9632,NA,NA,2744,39436,NA,NA
"England",2020-04-08,4284,64594,976,10608,NA,NA,2619,42055,NA,NA
"England",2020-04-09,4055,68649,874,11482,NA,NA,2340,44395,NA,NA
"England",2020-04-10,3578,72227,850,12332,NA,NA,2196,46591,NA,NA
"England",2020-04-11,3058,75285,864,13196,NA,NA,1955,48546,NA,NA
"England",2020-04-12,2937,78222,857,14053,NA,NA,1791,50337,NA,NA
"England",2020-04-13,3427,81649,805,14858,NA,NA,1912,52249,NA,NA
"England",2020-04-14,3535,85184,768,15626,NA,NA,1859,54108,NA,NA
"England",2020-04-15,4215,89399,782,16408,NA,NA,1608,55716,NA,NA
"England",2020-04-16,4344,93743,755,17163,NA,NA,1777,57493,NA,NA
"England",2020-04-17,4061,97804,742,17905,NA,NA,1674,59167,NA,NA
"England",2020-04-18,4105,101909,706,18611,NA,NA,1411,60578,NA,NA
"England",2020-04-19,3473,105382,687,19298,NA,NA,1475,62053,NA,NA
"England",2020-04-20,3674,109056,685,19983,NA,NA,1522,63575,NA,NA
"England",2020-04-21,3973,113029,651,20634,NA,NA,1495,65070,NA,NA
"England",2020-04-22,4793,117822,643,21277,NA,NA,1310,66380,NA,NA
"England",2020-04-23,4553,122375,595,21872,NA,NA,1289,67669,NA,NA
"England",2020-04-24,4347,126722,603,22475,NA,NA,1277,68946,NA,NA
"England",2020-04-25,3367,130089,555,23030,NA,NA,1080,70026,NA,NA
"England",2020-04-26,3131,133220,560,23590,NA,NA,1208,71234,NA,NA
"England",2020-04-27,4027,137247,505,24095,NA,NA,1344,72578,NA,NA
"England",2020-04-28,4104,141351,499,24594,NA,NA,1296,73874,NA,NA
"England",2020-04-29,4725,146076,494,25088,NA,NA,1295,75169,NA,NA
"England",2020-04-30,4308,150384,484,25572,NA,NA,1227,76396,NA,NA
"England",2020-05-01,4084,154468,479,26051,NA,NA,1081,77477,NA,NA
"England",2020-05-02,2744,157212,424,26475,NA,NA,980,78457,NA,NA
"England",2020-05-03,2630,159842,388,26863,NA,NA,1044,79501,NA,NA
"England",2020-05-04,2845,162687,412,27275,NA,NA,1063,80564,NA,NA
"England",2020-05-05,3136,165823,392,27667,NA,NA,959,81523,NA,NA
"England",2020-05-06,3258,169081,390,28057,NA,NA,1040,82563,NA,NA
"England",2020-05-07,3202,172283,399,28456,NA,NA,998,83561,NA,NA
"England",2020-05-08,2618,174901,330,28786,NA,NA,743,84304,NA,NA
"England",2020-05-09,1793,176694,330,29116,NA,NA,798,85102,NA,NA
"England",2020-05-10,2001,178695,300,29416,NA,NA,756,85858,NA,NA
"England",2020-05-11,3058,181753,260,29676,NA,NA,866,86724,NA,NA
"England",2020-05-12,2918,184671,275,29951,NA,NA,844,87568,NA,NA
"England",2020-05-13,2883,187554,256,30207,NA,NA,804,88372,NA,NA
"England",2020-05-14,2208,189762,277,30484,NA,NA,763,89135,NA,NA
"England",2020-05-15,2130,191892,269,30753,NA,NA,738,89873,NA,NA
"England",2020-05-16,1767,193659,268,31021,NA,NA,671,90544,NA,NA
"England",2020-05-17,1587,195246,223,31244,NA,NA,673,91217,NA,NA
"England",2020-05-18,2206,197452,253,31497,NA,NA,733,91950,NA,NA
"England",2020-05-19,2583,200035,231,31728,NA,NA,752,92702,NA,NA
"England",2020-05-20,2341,202376,234,31962,NA,NA,732,93434,NA,NA
"England",2020-05-21,2266,204642,201,32163,NA,NA,715,94149,NA,NA
"England",2020-05-22,1792,206434,195,32358,NA,NA,638,94787,NA,NA
"England",2020-05-23,1301,207735,200,32558,NA,NA,504,95291,NA,NA
"England",2020-05-24,1200,208935,169,32727,NA,NA,497,95788,NA,NA
"England",2020-05-25,1375,210310,175,32902,NA,NA,498,96286,NA,NA
"England",2020-05-26,1449,211759,189,33091,NA,NA,578,96864,NA,NA
"England",2020-05-27,1608,213367,171,33262,NA,NA,589,97453,NA,NA
"England",2020-05-28,1570,214937,182,33444,NA,NA,570,98023,NA,NA
"England",2020-05-29,1372,216309,163,33607,NA,NA,499,98522,NA,NA
"England",2020-05-30,996,217305,145,33752,NA,NA,466,98988,NA,NA
"England",2020-05-31,987,218292,113,33865,NA,NA,446,99434,NA,NA
"England",2020-06-01,1313,219605,121,33986,NA,NA,522,99956,NA,NA
"England",2020-06-02,1348,220953,155,34141,NA,NA,553,100509,NA,NA
"England",2020-06-03,1239,222192,138,34279,NA,NA,491,101000,NA,NA
"England",2020-06-04,1145,223337,121,34400,NA,NA,458,101458,NA,NA
"England",2020-06-05,1023,224360,109,34509,NA,NA,380,101838,NA,NA
"England",2020-06-06,726,225086,98,34607,NA,NA,306,102144,NA,NA
"England",2020-06-07,666,225752,113,34720,NA,NA,323,102467,NA,NA
"England",2020-06-08,990,226742,112,34832,NA,NA,348,102815,NA,NA
"England",2020-06-09,1054,227796,85,34917,NA,NA,397,103212,NA,NA
"England",2020-06-10,1079,228875,97,35014,NA,NA,402,103614,NA,NA
"England",2020-06-11,912,229787,71,35085,NA,NA,330,103944,NA,NA
"England",2020-06-12,943,230730,73,35158,NA,NA,298,104242,NA,NA
"England",2020-06-13,789,231519,52,35210,NA,NA,265,104507,NA,NA
"England",2020-06-14,744,232263,76,35286,NA,NA,306,104813,NA,NA
"England",2020-06-15,935,233198,61,35347,NA,NA,365,105178,NA,NA
"England",2020-06-16,994,234192,69,35416,NA,NA,354,105532,NA,NA
"England",2020-06-17,910,235102,54,35470,NA,NA,334,105866,NA,NA
"England",2020-06-18,943,236045,57,35527,NA,NA,312,106178,NA,NA
"England",2020-06-19,820,236865,47,35574,NA,NA,253,106431,NA,NA
"England",2020-06-20,628,237493,54,35628,NA,NA,184,106615,NA,NA
"England",2020-06-21,549,238042,47,35675,NA,NA,215,106830,NA,NA
"England",2020-06-22,814,238856,58,35733,NA,NA,318,107148,NA,NA
"England",2020-06-23,730,239586,61,35794,NA,NA,275,107423,NA,NA
"England",2020-06-24,726,240312,67,35861,NA,NA,262,107685,NA,NA
"England",2020-06-25,635,240947,58,35919,NA,NA,256,107941,NA,NA
"England",2020-06-26,640,241587,37,35956,NA,NA,248,108189,NA,NA
"England",2020-06-27,504,242091,39,35995,NA,NA,209,108398,NA,NA
"England",2020-06-28,410,242501,42,36037,NA,NA,155,108553,NA,NA
"England",2020-06-29,666,243167,34,36071,NA,NA,172,108725,NA,NA
"England",2020-06-30,572,243739,43,36114,NA,NA,189,108914,NA,NA
"England",2020-07-01,616,244355,22,36136,NA,NA,201,109115,NA,NA
"England",2020-07-02,565,244920,40,36176,NA,NA,149,109264,NA,NA
"England",2020-07-03,541,245461,26,36202,NA,NA,146,109410,NA,NA
"England",2020-07-04,387,245848,31,36233,NA,NA,120,109530,NA,NA
"England",2020-07-05,540,246388,24,36257,NA,NA,131,109661,NA,NA
"England",2020-07-06,654,247042,33,36290,NA,NA,150,109811,NA,NA
"England",2020-07-07,559,247601,26,36316,NA,NA,148,109959,NA,NA
"England",2020-07-08,671,248272,23,36339,NA,NA,141,110100,NA,NA
"England",2020-07-09,682,248954,35,36374,NA,NA,136,110236,NA,NA
"England",2020-07-10,520,249474,21,36395,NA,NA,104,110340,NA,NA
"England",2020-07-11,420,249894,20,36415,NA,NA,97,110437,NA,NA
"England",2020-07-12,353,250247,12,36427,NA,NA,72,110509,NA,NA
"England",2020-07-13,691,250938,22,36449,NA,NA,137,110646,75439,7550035
"England",2020-07-14,650,251588,20,36469,NA,NA,122,110768,113811,7664742
"England",2020-07-15,725,252313,20,36489,NA,NA,116,110884,130153,7798382
"England",2020-07-16,641,252954,12,36501,NA,NA,114,110998,143120,7941801
"England",2020-07-17,547,253501,18,36519,NA,NA,83,111081,150355,8092596
"England",2020-07-18,467,253968,14,36533,NA,NA,48,111129,111210,8203983
"England",2020-07-19,415,254383,14,36547,NA,NA,72,111201,88553,8292537
"England",2020-07-20,753,255136,12,36559,NA,NA,86,111287,78789,8372370
"England",2020-07-21,688,255824,19,36578,NA,NA,79,111366,117233,8489603
"England",2020-07-22,746,256570,16,36594,NA,NA,82,111448,123219,8612822
"England",2020-07-23,729,257299,16,36610,NA,NA,109,111557,119536,8732347
"England",2020-07-24,716,258015,6,36616,NA,NA,93,111650,129726,8862691
"England",2020-07-25,492,258507,13,36629,NA,NA,65,111715,121177,8983866
"England",2020-07-26,515,259022,14,36643,NA,NA,64,111779,89686,9075842
"England",2020-07-27,808,259830,10,36653,NA,NA,82,111861,74300,9150142
"England",2020-07-28,778,260608,10,36663,NA,NA,69,111930,122852,9272994
"England",2020-07-29,971,261579,8,36671,NA,NA,63,111993,131004,9404187
"England",2020-07-30,856,262435,8,36679,NA,NA,75,112068,139459,9544071
"England",2020-07-31,626,263061,10,36689,NA,NA,55,112123,130267,9674338
"England",2020-08-01,494,263555,9,36698,NA,NA,50,112173,118567,9793134
"England",2020-08-02,512,264067,8,36706,NA,NA,57,112230,106765,9901127
"England",2020-08-03,936,265003,14,36720,NA,NA,74,112304,115267,10016394
"England",2020-08-04,920,265923,10,36730,NA,NA,58,112362,128983,10146411
"England",2020-08-05,942,266865,3,36733,NA,NA,60,112422,135562,10282965
"England",2020-08-06,980,267845,9,36742,NA,NA,52,112474,147556,10431248
"England",2020-08-07,865,268710,7,36749,NA,NA,60,112534,141601,10572849
"England",2020-08-08,636,269346,11,36760,NA,NA,78,112612,130547,10703396
"England",2020-08-09,555,269901,8,36768,NA,NA,53,112665,129513,10833626
"England",2020-08-10,1348,271249,11,36779,NA,NA,50,112715,119028,10953254
"England",2020-08-11,1212,272461,10,36789,NA,NA,63,112778,131916,11085358
"England",2020-08-12,1094,273555,6,36795,NA,NA,51,112829,155059,11242035
"England",2020-08-13,1020,274575,7,36802,NA,NA,60,112889,140705,11383927
"England",2020-08-14,1037,275612,6,36808,NA,NA,55,112944,147324,11531251
"England",2020-08-15,642,276254,11,36819,NA,NA,38,112982,153610,11684898
"England",2020-08-16,530,276784,4,36823,NA,NA,39,113021,142809,11829555
"England",2020-08-17,1135,277919,12,36835,NA,NA,46,113067,123659,11953250
"England",2020-08-18,924,278843,7,36842,NA,NA,56,113123,139115,12092439
"England",2020-08-19,1074,279917,2,36844,NA,NA,58,113181,155714,12250812
"England",2020-08-20,1218,281135,8,36852,NA,NA,45,113226,153990,12403075
"England",2020-08-21,1006,282141,7,36859,NA,NA,49,113275,161792,12564970
"England",2020-08-22,715,282856,6,36865,NA,NA,25,113300,143117,12708087
"England",2020-08-23,697,283553,13,36878,NA,NA,44,113344,136407,12845106
"England",2020-08-24,1132,284685,5,36883,NA,NA,41,113385,114923,12960042
"England",2020-08-25,1062,285747,11,36894,NA,NA,60,113445,135380,13116570
"England",2020-08-26,1139,286886,11,36905,NA,NA,52,113497,154171,13272146
"England",2020-08-27,1326,288212,8,36913,NA,NA,69,113566,158514,13442759
"England",2020-08-28,1382,289594,8,36921,NA,NA,44,113610,143684,13587105
"England",2020-08-29,1040,290634,5,36926,NA,NA,52,113662,134728,13721833
"England",2020-08-30,975,291609,6,36932,NA,NA,38,113700,131938,13853771
"England",2020-08-31,1260,292869,7,36939,NA,NA,52,113752,129093,13982864
"England",2020-09-01,1928,294797,2,36941,NA,NA,58,113810,128278,14111009
"England",2020-09-02,2616,297413,8,36949,NA,NA,79,113889,153341,14264581
"England",2020-09-03,2662,300075,6,36955,NA,NA,69,113958,156472,14422113
"England",2020-09-04,2590,302665,6,36961,NA,NA,67,114025,167091,14588153
"England",2020-09-05,2189,304854,12,36973,NA,NA,94,114119,138964,14727117
"England",2020-09-06,2056,306910,8,36981,NA,NA,85,114204,146110,14873192
"England",2020-09-07,3459,310369,13,36994,NA,NA,84,114288,153403,15026604
"England",2020-09-08,3001,313370,9,37003,NA,NA,99,114387,164626,15218915
"England",2020-09-09,2849,316219,9,37012,NA,NA,136,114523,178198,15402472
"England",2020-09-10,3095,319314,12,37024,NA,NA,143,114666,198710,15609930
"England",2020-09-11,2859,322173,10,37034,NA,NA,135,114801,209405,15859088
"England",2020-09-12,2205,324378,18,37052,NA,NA,143,114944,188445,16047533
"England",2020-09-13,1708,326086,14,37066,NA,NA,153,115097,186464,16233997
"England",2020-09-14,2894,328980,17,37083,NA,NA,172,115269,183010,16417102
"England",2020-09-15,3039,332019,15,37098,NA,NA,194,115463,200210,16618443
"England",2020-09-16,3743,335762,22,37120,NA,NA,183,115646,207516,16829078
"England",2020-09-17,3937,339699,24,37144,NA,NA,199,115845,205264,17035735
"England",2020-09-18,4270,343969,21,37165,NA,NA,205,116050,217362,17254073
"England",2020-09-19,4174,348143,18,37183,NA,NA,204,116254,212982,17467055
"England",2020-09-20,4624,352767,28,37211,NA,NA,237,116491,192119,17659174
"England",2020-09-21,4695,357462,24,37235,NA,NA,275,116766,166199,17825373
"England",2020-09-22,5353,362815,35,37270,NA,NA,268,117034,194493,17996172
"England",2020-09-23,5886,368701,52,37322,NA,NA,314,117348,205663,18202815
"England",2020-09-24,6294,374995,33,37355,NA,NA,288,117636,216636,18432500
"England",2020-09-25,6029,381024,29,37384,NA,NA,274,117910,227056,18660979
"England",2020-09-26,5648,386672,35,37419,NA,NA,245,118155,202975,18863954
"England",2020-09-27,6025,392697,42,37461,NA,NA,241,118396,198479,19062433
"England",2020-09-28,8572,401269,47,37508,NA,NA,308,118704,173952,19236863
"England",2020-09-29,8715,409984,43,37551,NA,NA,310,119014,184624,19435313
"England",2020-09-30,10523,420507,48,37599,NA,NA,328,119342,210071,19648311
"England",2020-10-01,11302,431809,55,37654,NA,NA,368,119710,208390,19861877
"England",2020-10-02,11576,443385,64,37718,NA,NA,371,120081,214467,20076627
"England",2020-10-03,9697,453082,55,37773,NA,NA,386,120467,226193,20302820
"England",2020-10-04,9833,462915,54,37827,NA,NA,478,120945,191426,20494246
"England",2020-10-05,14033,476948,59,37886,NA,NA,472,121417,204621,20699130
"England",2020-10-06,14293,491241,62,37948,NA,NA,524,121941,206933,20907357
"England",2020-10-07,15186,506427,81,38029,NA,NA,491,122432,203908,21112752
"England",2020-10-08,15265,521692,76,38105,NA,NA,513,122945,232969,21364067
"England",2020-10-09,13006,534698,67,38172,NA,NA,544,123489,242852,21606919
"England",2020-10-10,10151,544849,90,38262,NA,NA,515,124004,219767,21826686
"England",2020-10-11,9653,554502,103,38365,NA,NA,628,124632,207072,22033758
"England",2020-10-12,16198,570700,96,38461,NA,NA,664,125296,164177,22200070
"England",2020-10-13,15435,586135,87,38548,NA,NA,764,126060,210548,22448420
"England",2020-10-14,16438,602573,101,38649,NA,NA,706,126766,242525,22696920
"England",2020-10-15,15236,617809,124,38773,NA,NA,792,127558,240581,22937919
"England",2020-10-16,14545,632354,122,38895,NA,NA,632,128190,262139,23200081
"England",2020-10-17,12353,644707,161,39056,NA,NA,785,128975,239949,23440030
"England",2020-10-18,11854,656561,120,39176,NA,NA,870,129845,247423,23687453
"England",2020-10-19,22104,678665,159,39335,NA,NA,861,130706,203636,23893339
"England",2020-10-20,21328,699993,171,39506,NA,NA,925,131631,224021,24119712
"England",2020-10-21,21481,721474,191,39697,NA,NA,997,132628,246573,24376425
"England",2020-10-22,19605,741079,187,39884,NA,NA,987,133615,277346,24658684
"England",2020-10-23,18104,759183,188,40072,NA,NA,997,134612,275482,24934604
"England",2020-10-24,13524,772707,170,40242,NA,NA,990,135602,246877,25181481
"England",2020-10-25,13161,785868,205,40447,NA,NA,1186,136788,254588,25436069
"England",2020-10-26,22753,808621,223,40670,NA,NA,1279,138067,189688,25628254
"England",2020-10-27,20487,829108,217,40887,NA,NA,1190,139257,223852,25859067
"England",2020-10-28,20228,849336,238,41125,NA,NA,1239,140496,251947,26111155
"England",2020-10-29,19963,869299,249,41374,NA,NA,1345,141841,275782,26389237
"England",2020-10-30,19646,888945,281,41655,NA,NA,1109,142950,240513,26633395
"England",2020-10-31,14348,903293,277,41932,NA,NA,1240,144190,245467,26881753
"England",2020-11-01,13368,916661,286,42218,NA,NA,1280,145470,214702,27098370
"England",2020-11-02,27933,944594,286,42504,NA,NA,1331,146801,164028,27277408
"England",2020-11-03,22310,966904,291,42795,NA,NA,1246,148047,219591,27502741
"England",2020-11-04,20693,987597,278,43073,NA,NA,1382,149429,252074,27766926
"England",2020-11-05,20875,1008472,301,43374,NA,NA,1346,150775,284644,28055186
"England",2020-11-06,20828,1029300,333,43707,NA,NA,1182,151957,297231,28352417
"England",2020-11-07,16616,1045916,333,44040,NA,NA,1319,153276,275061,28627757
"England",2020-11-08,17967,1063883,341,44381,NA,NA,1488,154764,235875,28866688
"England",2020-11-09,28095,1091978,401,44782,NA,NA,1551,156315,208913,29076450
"England",2020-11-10,24467,1116445,319,45101,NA,NA,1592,157907,249184,29325385
"England",2020-11-11,24642,1141087,312,45413,NA,NA,1711,159618,317352,29645471
"England",2020-11-12,21952,1163039,351,45764,NA,NA,1666,161284,322226,29968565
"England",2020-11-13,21648,1184687,357,46121,NA,NA,1433,162717,324618,30293297
"England",2020-11-14,16031,1200718,358,46479,NA,NA,1388,164105,290889,30584293
"England",2020-11-15,14206,1214924,382,46861,NA,NA,1467,165572,238240,30821244
"England",2020-11-16,23727,1238651,358,47219,NA,NA,1560,167132,191060,31031286
"England",2020-11-17,20314,1258965,364,47583,NA,NA,1491,168623,237965,31270281
"England",2020-11-18,18206,1277171,435,48018,NA,NA,1571,170194,292040,31572690
"England",2020-11-19,15496,1292667,397,48415,NA,NA,1484,171678,314969,31895868
"England",2020-11-20,14676,1307343,390,48805,NA,NA,1316,172994,319264,32215213
"England",2020-11-21,10616,1317959,397,49202,NA,NA,1255,174249,292050,32508077
"England",2020-11-22,10034,1327993,406,49608,NA,NA,1333,175582,204444,32716975
"England",2020-11-23,16208,1344201,400,50008,NA,NA,1385,176967,166447,32885331
"England",2020-11-24,14023,1358224,406,50414,NA,NA,1277,178244,257557,33146589
"England",2020-11-25,13930,1372154,425,50839,NA,NA,1415,179659,275109,33420528
"England",2020-11-26,12273,1384427,373,51212,NA,NA,1198,180857,308240,33729520
"England",2020-11-27,12267,1396694,364,51576,NA,NA,1055,181912,264297,33994087
"England",2020-11-28,9202,1405896,383,51959,NA,NA,1065,182977,250086,34244376
"England",2020-11-29,8904,1414800,403,52362,NA,NA,1215,184192,170750,34418756
"England",2020-11-30,15023,1429823,362,52724,NA,NA,1216,185408,173094,34610898
"England",2020-12-01,13520,1443343,346,53070,NA,NA,1271,186679,251969,34869593
"England",2020-12-02,13464,1456807,336,53406,NA,NA,1262,187941,282536,35152180
"England",2020-12-03,12527,1469334,405,53811,NA,NA,1337,189278,318015,35472701
"England",2020-12-04,12883,1482217,412,54223,NA,NA,1248,190526,317108,35789884
"England",2020-12-05,10141,1492358,344,54567,NA,NA,1186,191712,296335,36086262
"England",2020-12-06,10870,1503228,355,54922,NA,NA,1311,193023,224576,36310883
"England",2020-12-07,17395,1520623,354,55276,NA,NA,1466,194489,177266,36490578
"England",2020-12-08,16662,1537285,375,55651,NA,NA,1528,196017,239688,36732070
"England",2020-12-09,17461,1554746,374,56025,NA,NA,1550,197567,309634,37055554
"England",2020-12-10,18538,1573284,378,56403,NA,NA,1524,199091,329724,37385313
"England",2020-12-11,19868,1593152,398,56801,NA,NA,1450,200541,324374,37709789
"England",2020-12-12,16029,1609181,374,57175,NA,NA,1587,202128,317246,38027054
"England",2020-12-13,18128,1627309,365,57540,NA,NA,1581,203709,273537,38300610
"England",2020-12-14,29511,1656820,412,57952,NA,NA,1746,205455,242133,38542769
"England",2020-12-15,29092,1685912,388,58340,NA,NA,1730,207185,264953,38726685
"England",2020-12-16,30128,1716040,355,58695,NA,NA,1796,208981,254424,39071267
"England",2020-12-17,29605,1745645,440,59135,NA,NA,1873,210854,319833,39413507
"England",2020-12-18,31834,1777479,433,59568,NA,NA,1672,212526,329643,39744167
"England",2020-12-19,21737,1799216,412,59980,NA,NA,1812,214338,386407,40130716
"England",2020-12-20,28939,1828155,430,60410,NA,NA,1976,216314,352837,40483652
"England",2020-12-21,42599,1870754,496,60906,NA,NA,2115,218429,361195,40854806
"England",2020-12-22,40897,1911651,489,61395,NA,NA,2203,220632,386644,41244959
"England",2020-12-23,37605,1949256,481,61876,NA,NA,1980,222612,437996,41682805
"England",2020-12-24,28692,1977948,486,62362,NA,NA,1795,224407,418340,42101574
"England",2020-12-25,12672,1990620,537,62899,NA,NA,1952,226359,310558,42412347
"England",2020-12-26,36711,2027331,567,63466,NA,NA,2298,228657,226824,42639717
"England",2020-12-27,42434,2069765,576,64042,NA,NA,2572,231229,319518,43028006
"England",2020-12-28,40039,2109804,590,64632,NA,NA,2795,234024,318747,43347549
"England",2020-12-29,72505,2182309,578,65210,NA,NA,2886,236910,284345,43633433
"England",2020-12-30,62879,2245188,626,65836,NA,NA,2861,239771,349457,43985180
"England",2020-12-31,46690,2291878,652,66488,NA,NA,2536,242307,442318,44446779
"England",2021-01-01,28227,2320105,642,67130,NA,NA,3010,245317,362497,44810228
"England",2021-01-02,54175,2374280,670,67800,NA,NA,3145,248462,349307,45160434
"England",2021-01-03,49510,2423790,652,68452,NA,NA,3351,251813,382173,45543506
"England",2021-01-04,69115,2492905,753,69205,NA,NA,3587,255400,414432,45970065
"England",2021-01-05,58040,2550945,820,70025,NA,NA,3697,259097,439597,46416401
"England",2021-01-06,51321,2602266,824,70849,NA,NA,3967,263064,492394,46921996
"England",2021-01-07,46856,2649122,888,71737,NA,NA,3849,266913,537119,47464304
"England",2021-01-08,42332,2691454,889,72626,NA,NA,3549,270462,592281,48061933
"England",2021-01-09,35446,2726900,926,73552,NA,NA,3718,274180,482502,48546404
"England",2021-01-10,32859,2759759,980,74532,NA,NA,3571,277751,402499,48951287
"England",2021-01-11,52020,2811779,1004,75536,NA,NA,3894,281645,482894,49448154
"England",2021-01-12,44675,2856454,1092,76628,NA,NA,4134,285779,504843,49961992
"England",2021-01-13,41165,2897619,1101,77729,NA,NA,3840,289619,545743,50526211
"England",2021-01-14,38533,2936152,1089,78818,NA,NA,3678,293297,598003,51133432
"England",2021-01-15,36786,2972938,1101,79919,NA,NA,3295,296592,531635,51674160
"England",2021-01-16,27653,3000591,1170,81089,NA,NA,3569,300161,431296,52115420
"England",2021-01-17,26210,3026801,1169,82258,NA,NA,3424,303585,364754,52487546
"England",2021-01-18,40721,3067522,1167,83425,NA,NA,3711,307296,510286,53024644
"England",2021-01-19,35964,3103486,1244,84669,NA,NA,3768,311064,516094,53560651
"England",2021-01-20,31745,3135231,1173,85842,NA,NA,3679,314743,568125,54154227
"England",2021-01-21,28753,3163984,1133,86975,NA,NA,3237,317980,592060,54762360
"England",2021-01-22,26914,3190898,1124,88099,NA,NA,3016,320996,568070,55349125
"England",2021-01-23,19875,3210773,1057,89156,NA,NA,2780,323776,429003,55785096
"England",2021-01-24,15455,3226228,1040,90196,NA,NA,2824,326600,367638,56159234
"England",2021-01-25,27111,3253339,1070,91266,NA,NA,2648,329248,506076,56684169
"England",2021-01-26,24432,3277771,960,92226,NA,NA,2799,332047,546624,57251355
"England",2021-01-27,23240,3301011,1008,93234,NA,NA,2742,334789,703483,57971693
"England",2021-01-28,21843,3322854,1015,94249,NA,NA,2719,337508,688218,58684869
"England",2021-01-29,19688,3342542,944,95193,NA,NA,2379,339887,605879,59309674
"England",2021-01-30,15002,3357544,831,96024,NA,NA,2193,342080,391911,59710354
"England",2021-01-31,13710,3371254,810,96834,NA,NA,2183,344263,531033,60272761
"England",2021-02-01,20113,3391367,804,97638,NA,NA,2347,346610,606640,60907818
"England",2021-02-02,17660,3409027,759,98397,NA,NA,2222,348832,556388,61488425
"England",2021-02-03,17411,3426438,777,99174,NA,NA,2096,350928,732372,62240461
"England",2021-02-04,16158,3442596,648,99822,NA,NA,1907,352835,726501,62996840
"England",2021-02-05,13977,3456573,676,100498,NA,NA,1757,354592,612325,63630928
"England",2021-02-06,10589,3467162,608,101106,NA,NA,1679,356271,410657,64053637
"England",2021-02-07,10160,3477322,567,101673,NA,NA,1675,357946,538804,64612268
"England",2021-02-08,13854,3491176,612,102285,NA,NA,1739,359685,582823,65228322
"England",2021-02-09,12245,3503421,537,102822,NA,NA,1531,361216,517303,65770710
"England",2021-02-10,11846,3515267,541,103363,NA,NA,1535,362751,691214,66491013
"England",2021-02-11,11230,3526497,509,103872,NA,NA,1440,364191,656722,67191208
"England",2021-02-12,10573,3537070,452,104324,NA,NA,1318,365509,555439,67769293
"England",2021-02-13,7742,3544812,432,104756,NA,NA,1240,366749,342871,68125319
"England",2021-02-14,7535,3552347,435,105191,NA,NA,1364,368113,352340,68485697
"England",2021-02-15,12469,3564816,461,105652,NA,NA,1322,369435,406430,68915662
"England",2021-02-16,10818,3575634,395,106047,NA,NA,1311,370746,431987,69372235
"England",2021-02-17,10025,3585659,384,106431,NA,NA,1233,371979,508877,69896185
"England",2021-02-18,9911,3595570,363,106794,NA,NA,1149,373128,482967,70399316
"England",2021-02-19,8884,3604454,316,107110,NA,NA,1068,374196,460915,70878078
"England",2021-02-20,6895,3611349,302,107412,NA,NA,904,375100,351540,71239250
"England",2021-02-21,6799,3618148,285,107697,NA,NA,1009,376109,542687,71791147
"England",2021-02-22,9857,3628005,241,107938,NA,NA,980,377089,625903,72452602
"England",2021-02-23,8145,3636150,256,108194,NA,NA,976,378065,545669,73026096
"England",2021-02-24,7305,3643455,240,108434,NA,NA,874,378939,675562,73723862
"England",2021-02-25,6620,3650075,221,108655,NA,NA,832,379771,674490,74438442
"England",2021-02-26,5670,3655745,195,108850,NA,NA,718,380489,555513,75018873
"England",2021-02-27,4104,3659849,196,109046,NA,NA,624,381113,337138,75367888
"England",2021-02-28,3957,3663806,198,109244,NA,NA,662,381775,489905,75877475
"England",2021-03-01,5893,3669699,192,109436,NA,NA,704,382479,691382,76608595
"England",2021-03-02,5685,3675384,155,109591,NA,NA,683,383162,623321,77286772
"England",2021-03-03,5105,3680489,126,109717,NA,NA,607,383769,803883,78119542
"England",2021-03-04,4798,3685287,129,109846,NA,NA,596,384365,936467,79109239
"England",2021-03-05,4552,3689839,156,110002,NA,NA,487,384852,898450,80065413
"England",2021-03-06,3708,3693547,129,110131,NA,NA,528,385380,411384,80507232
"England",2021-03-07,3542,3697089,113,110244,NA,NA,461,385841,770423,81296464
"England",2021-03-08,5572,3702661,121,110365,NA,NA,501,386342,1491126,82868998
"England",2021-03-09,5220,3707881,113,110478,NA,NA,483,386825,1322857,84306266
"England",2021-03-10,5014,3712895,97,110575,NA,NA,494,387319,1488744,85911007
"England",2021-03-11,4690,3717585,107,110682,NA,NA,449,387768,1555552,87585915
"England",2021-03-12,4618,3722203,81,110763,NA,NA,386,388154,1350707,89056068
"England",2021-03-13,3456,3725659,100,110863,NA,NA,385,388539,393146,89483399
"England",2021-03-14,3587,3729246,79,110942,NA,NA,357,388896,926566,90436653
"England",2021-03-15,5442,3734688,84,111026,NA,NA,431,389327,1528826,92075059
"England",2021-03-16,4742,3739430,66,111092,NA,NA,364,389691,1264415,93446560
"England",2021-03-17,4849,3744279,65,111157,NA,NA,343,390034,1556840,95104391
"England",2021-03-18,4526,3748805,51,111208,NA,NA,351,390385,1366562,96608757
"England",2021-03-19,4143,3752948,56,111264,NA,NA,283,390668,870294,97565941
"England",2021-03-20,3370,3756318,59,111323,NA,NA,287,390955,410959,98008564
"England",2021-03-21,4517,3760835,70,111393,NA,NA,279,391234,1846349,99878883
"England",2021-03-22,5150,3765985,57,111450,NA,NA,294,391528,1143274,101159125
"England",2021-03-23,4345,3770330,46,111496,NA,NA,295,391823,781572,102011411
"England",2021-03-24,5117,3775447,34,111530,NA,NA,277,392100,1728376,103791076
"England",2021-03-25,4452,3779899,37,111567,NA,NA,288,392388,1202147,105157413
"England",2021-03-26,3628,3783527,41,111608,NA,NA,245,392633,654514,105848307
"England",2021-03-27,2947,3786474,29,111637,NA,NA,217,392850,417592,106295519
"England",2021-03-28,4102,3790576,27,111664,NA,NA,221,393071,1597146,107918401
"England",2021-03-29,3196,3793772,26,111690,NA,NA,206,393277,925653,108892256
"England",2021-03-30,2956,3796728,38,111728,NA,NA,217,393494,642580,109571185
"England",2021-03-31,3146,3799874,37,111765,NA,NA,225,393719,1194346,110821231
"England",2021-04-01,2866,3802740,28,111793,NA,NA,180,393899,894525,111840833
"England",2021-04-02,2127,3804867,19,111812,NA,NA,178,394077,517247,112421436
"England",2021-04-03,2012,3806879,27,111839,NA,NA,179,394256,355051,112811235
"England",2021-04-04,1924,3808803,24,111863,NA,NA,156,394412,785479,113626255
"England",2021-04-05,2189,3810992,10,111873,NA,NA,188,394600,710539,114467703
"England",2021-04-06,2561,3813553,23,111896,NA,NA,183,394783,587942,115135822
"England",2021-04-07,2590,3816143,25,111921,NA,NA,189,394972,976636,116164748
"England",2021-04-08,2482,3818625,31,111952,NA,NA,167,395139,872523,117156524
"England",2021-04-09,2314,3820939,17,111969,NA,NA,167,395306,616831,117848671
"England",2021-04-10,1891,3822830,18,111987,NA,NA,151,395457,442212,118328486
"England",2021-04-11,1902,3824732,19,112006,NA,NA,175,395632,1177999,119543117
"England",2021-04-12,2235,3826967,25,112031,NA,NA,173,395805,834556,120526465
"England",2021-04-13,1908,3828875,19,112050,NA,NA,153,395958,632227,121233931
"England",2021-04-14,1945,3830820,9,112059,NA,NA,156,396114,1095605,122379075
"England",2021-04-15,1802,3832622,17,112076,NA,NA,127,396241,936979,123442550
"England",2021-04-16,1811,3834433,15,112091,NA,NA,118,396359,631544,124154950
"England",2021-04-17,1309,3835742,18,112109,NA,NA,135,396494,460574,124653063
"England",2021-04-18,2130,3837872,15,112124,NA,NA,112,396606,1631309,126325541
"England",2021-04-19,2128,3840000,16,112140,NA,NA,138,396744,998671,127500490
"England",2021-04-20,1941,3841941,17,112157,NA,NA,98,396842,676012,128270581
"England",2021-04-21,2128,3844069,17,112174,NA,NA,126,396968,1305109,129625667
"England",2021-04-22,1885,3845954,14,112188,NA,NA,92,397060,1036991,130815529
"England",2021-04-23,1580,3847534,17,112205,NA,NA,124,397184,661211,131561939
"England",2021-04-24,1203,3848737,7,112212,NA,NA,99,397283,456749,132054188
"England",2021-04-25,1774,3850511,12,112224,NA,NA,107,397390,1414225,133507266
"England",2021-04-26,2093,3852604,9,112233,NA,NA,108,397498,981557,134669596
"England",2021-04-27,1693,3854297,10,112243,NA,NA,128,397626,672079,135420917
"England",2021-04-28,2018,3856315,13,112256,NA,NA,89,397715,1283192,136760162
"England",2021-04-29,1763,3858078,11,112267,NA,NA,80,397795,1003067,137918649
"England",2021-04-30,1412,3859490,8,112275,NA,NA,82,397877,611014,138610700
"England",2021-05-01,1128,3860618,7,112282,NA,NA,68,397945,450096,139095215
"England",2021-05-02,1215,3861833,10,112292,NA,NA,92,398037,781243,139911686
"England",2021-05-03,1695,3863528,8,112300,NA,NA,98,398135,1033028,141088656
"England",2021-05-04,2045,3865573,9,112309,NA,NA,76,398211,812514,142035752
"England",2021-05-05,2041,3867614,12,112321,NA,NA,96,398307,1144748,143242006
"England",2021-05-06,1807,3869421,7,112328,NA,NA,88,398395,1007154,144399130
"England",2021-05-07,1560,3870981,8,112336,NA,NA,77,398472,648423,145098382
"England",2021-05-08,1204,3872185,8,112344,NA,NA,80,398552,458744,145593371
"England",2021-05-09,1849,3874034,8,112352,NA,NA,76,398628,1265424,146893867
"England",2021-05-10,2176,3876210,8,112360,NA,NA,76,398704,918222,147975261
"England",2021-05-11,1746,3877956,13,112373,NA,NA,79,398783,659536,148708157
"England",2021-05-12,1768,3879724,9,112382,NA,NA,93,398876,1110108,149866921
"England",2021-05-13,1655,3881379,4,112386,NA,NA,74,398950,928496,148463463
"England",2021-05-14,1457,3882836,3,112389,NA,NA,72,399022,623994,149169030
"England",2021-05-15,1261,3884097,7,112396,NA,NA,70,399092,419980,149619426
"England",2021-05-16,1522,3885619,6,112402,NA,NA,59,399151,1035211,150692617
"England",2021-05-17,2244,3887863,5,112407,NA,NA,74,399225,928113,151869166
"England",2021-05-18,2141,3890004,3,112410,NA,NA,90,399315,675411,152617303
"England",2021-05-19,2173,3892177,3,112413,NA,NA,93,399408,1111532,153780271
"England",2021-05-20,1914,3894091,5,112418,NA,NA,98,399506,922338,154859411
"England",2021-05-21,1799,3895890,7,112425,NA,NA,85,399591,659989,155591834
"England",2021-05-22,1536,3897426,3,112428,NA,NA,75,399666,458353,156084119
"England",2021-05-23,1841,3899267,6,112434,NA,NA,77,399743,1113005,157234058
"England",2021-05-24,2618,3901885,8,112442,NA,NA,98,399841,903433,158287686
"England",2021-05-25,2691,3904576,3,112445,NA,NA,88,399929,682406,159042060
"England",2021-05-26,3068,3907644,10,112455,NA,NA,95,400024,1055650,160152596
"England",2021-05-27,2962,3910606,7,112462,NA,NA,83,400107,886631,161172657
"England",2021-05-28,2827,3913433,6,112468,NA,NA,92,400199,611711,161847928
"England",2021-05-29,2393,3915826,5,112473,NA,NA,69,400268,443257,162322121
"England",2021-05-30,2533,3918359,7,112480,NA,NA,80,400348,569154,162917166
"England",2021-05-31,3065,3921424,7,112487,NA,NA,98,400446,560128,163557783
"England",2021-06-01,4334,3925758,3,112490,NA,NA,115,400561,607774,164234934
"England",2021-06-02,4919,3930677,9,112499,NA,NA,101,400662,784848,165069239
"England",2021-06-03,4973,3935650,10,112509,NA,NA,93,400755,738108,165905009
"England",2021-06-04,4739,3940389,8,112517,NA,NA,96,400851,604333,166562716
"England",2021-06-05,3860,3944249,4,112521,NA,NA,96,400947,444901,167040142
"England",2021-06-06,4611,3948860,5,112526,NA,NA,121,401068,1187000,168262755
"England",2021-06-07,6598,3955458,4,112530,NA,NA,131,401199,889593,169279350
"England",2021-06-08,6430,3961888,7,112537,NA,NA,147,401346,652779,169997851
"England",2021-06-09,6719,3968607,4,112541,NA,NA,158,401504,1010064,171051734
"England",2021-06-10,6530,3975137,9,112550,NA,NA,162,401666,876589,172066685
"England",2021-06-11,6336,3981473,6,112556,NA,NA,144,401810,681411,172825141
"England",2021-06-12,5256,3986729,13,112569,NA,NA,137,401947,489485,173349405
"England",2021-06-13,5909,3992638,7,112576,NA,NA,187,402134,997858,174379447
"England",2021-06-14,8689,4001327,8,112584,NA,NA,185,402319,886626,175399587
"England",2021-06-15,8866,4010193,13,112597,NA,NA,188,402507,713622,176182732
"England",2021-06-16,9154,4019347,10,112607,NA,NA,177,402684,1032648,177267846
"England",2021-06-17,9199,4028546,5,112612,NA,NA,202,402886,970345,178380798
"England",2021-06-18,8507,4037053,10,112622,NA,NA,185,403071,723275,179167344
"England",2021-06-19,6940,4043993,19,112641,NA,NA,178,403249,545008,179742127
"England",2021-06-20,8007,4052000,20,112661,NA,NA,171,403420,1082517,180859458
"England",2021-06-21,12407,4064407,13,112674,NA,NA,181,403601,969635,181964938
"England",2021-06-22,13218,4077625,9,112683,NA,NA,182,403783,750708,182783705
"England",2021-06-23,14397,4092022,5,112688,NA,NA,214,403997,1075951,183911054
"England",2021-06-24,14710,4106732,19,112707,NA,NA,194,404191,997842,185039643
"England",2021-06-25,14518,4121250,19,112726,NA,NA,206,404397,776439,185878654
"England",2021-06-26,13180,4134430,9,112735,NA,NA,223,404620,566561,186481111
"England",2021-06-27,15044,4149474,17,112752,NA,NA,226,404846,1142533,187662640
"England",2021-06-28,22880,4172354,9,112761,NA,NA,244,405090,1032734,188831068
"England",2021-06-29,22675,4195029,20,112781,NA,NA,283,405373,807040,189712137
"England",2021-06-30,23405,4218434,20,112801,NA,NA,331,405704,1163624,190930368
"England",2021-07-01,23615,4242049,18,112819,NA,NA,295,405999,1035456,192099056
"England",2021-07-02,21741,4263790,25,112844,NA,NA,307,406306,794967,192963169
"England",2021-07-03,20208,4283998,23,112867,NA,NA,323,406629,602571,193605197
"England",2021-07-04,21322,4305320,22,112889,NA,NA,390,407019,1195034,194841003
"England",2021-07-05,29525,4334845,23,112912,NA,NA,416,407435,1097123,196039760
"England",2021-07-06,30961,4365806,19,112931,NA,NA,458,407893,891896,197005294
"England",2021-07-07,33513,4399319,23,112954,NA,NA,461,408354,1147967,198207247
"England",2021-07-08,29273,4428592,26,112980,NA,NA,488,408842,1025140,199358553
"England",2021-07-09,28460,4457052,38,113018,NA,NA,451,409293,842867,200266042
"England",2021-07-10,24930,4481982,32,113050,NA,NA,442,409735,695139,200999312
"England",2021-07-11,26942,4508924,25,113075,NA,NA,502,410237,1048795,202088944
"England",2021-07-12,39634,4548558,32,113107,NA,NA,610,410847,1011603,203213120
"England",2021-07-13,42311,4590869,38,113145,NA,NA,621,411468,859421,204148549
"England",2021-07-14,49284,4640153,32,113177,NA,NA,636,412104,1128803,205335187
"England",2021-07-15,56371,4696524,44,113221,NA,NA,658,412762,1102043,206572158
"England",2021-07-16,50132,4746656,39,113260,NA,NA,593,413355,919600,207554482
"England",2021-07-17,34637,4781293,44,113304,NA,NA,622,413977,725904,208317790
"England",2021-07-18,32496,4813789,56,113360,NA,NA,698,414675,966457,209330785
"England",2021-07-19,42443,4856232,71,113431,NA,NA,752,415427,1027428,210523911
"England",2021-07-20,35121,4891353,49,113480,NA,NA,805,416232,818415,211401973
"England",2021-07-21,31046,4922399,44,113524,NA,NA,783,417015,964123,212412828
"England",2021-07-22,27171,4949570,64,113588,NA,NA,827,417842,949313,213482483
"England",2021-07-23,24009,4973579,70,113658,NA,NA,725,418567,860428,214395039
"England",2021-07-24,19851,4993430,64,113722,NA,NA,734,419301,692843,215126522
"England",2021-07-25,19232,5012662,63,113785,NA,NA,836,420137,730820,215893973
"England",2021-07-26,25926,5038588,65,113850,NA,NA,830,420967,757754,216721448
"England",2021-07-27,25432,5064020,59,113909,NA,NA,816,421783,733973,217508634
"England",2021-07-28,26345,5090365,70,113979,NA,NA,728,422511,829924,218381061
"England",2021-07-29,24794,5115159,65,114044,NA,NA,758,423269,791254,219250541
"England",2021-07-30,21587,5136746,93,114137,NA,NA,650,423919,773979,220068517
"England",2021-07-31,18005,5154751,76,114213,NA,NA,593,424512,632198,220733056
"England",2021-08-01,18218,5172969,73,114286,NA,NA,645,425157,611419,221375504
"England",2021-08-02,25976,5198945,66,114352,NA,NA,686,425843,680708,222114298
"England",2021-08-03,26413,5225358,66,114418,NA,NA,680,426523,660857,222847830
"England",2021-08-04,28242,5253600,70,114488,NA,NA,747,427270,769808,223655228
"England",2021-08-05,27516,5281116,89,114577,NA,NA,693,427963,755499,224467825
"England",2021-08-06,24295,5305411,79,114656,NA,NA,657,428620,725447,225236837
"England",2021-08-07,19504,5324915,85,114741,NA,NA,630,429250,615248,225881225
"England",2021-08-08,19707,5344622,65,114806,NA,NA,651,429901,625874,226536021
"England",2021-08-09,27630,5372252,68,114874,NA,NA,665,430566,680362,227267929
"England",2021-08-10,26988,5399240,69,114943,NA,NA,760,431326,679362,227987261
"England",2021-08-11,28493,5427733,80,115023,NA,NA,747,432073,759064,228781239
"England",2021-08-12,27075,5454808,91,115114,NA,NA,758,432831,743984,229598857
"England",2021-08-13,24465,5479273,87,115201,NA,NA,694,433525,752219,230399444
"England",2021-08-14,20922,5500195,79,115280,NA,NA,689,434214,606346,231005790
"England",2021-08-15,20840,5521035,72,115352,NA,NA,719,434933,603825,231609615
"England",2021-08-16,30155,5551190,71,115423,NA,NA,776,435709,649153,232307129
"England",2021-08-17,30335,5581525,96,115519,NA,NA,832,436541,657110,233002440
"England",2021-08-18,30692,5612217,78,115597,NA,NA,795,437336,719593,233776868
"England",2021-08-19,28389,5640606,92,115689,NA,NA,824,438160,737575,234579277
"England",2021-08-20,25005,5665611,101,115790,NA,NA,733,438893,683738,235298638
"England",2021-08-21,22146,5687757,87,115877,NA,NA,757,439650,588246,235913117
"England",2021-08-22,21953,5709710,101,115978,NA,NA,726,440376,599609,236539466
"England",2021-08-23,29668,5739378,96,116074,NA,NA,831,441207,667003,237254258
"England",2021-08-24,27550,5766928,103,116177,NA,NA,818,442025,660532,237954666
"England",2021-08-25,27246,5794174,87,116264,NA,NA,843,442868,830720,238824605
"England",2021-08-26,25898,5820072,105,116369,NA,NA,777,443645,848434,239747516
"England",2021-08-27,23711,5843783,106,116475,NA,NA,749,444394,796954,240588306
"England",2021-08-28,19694,5863477,103,116578,NA,NA,688,445082,642499,241264431
"England",2021-08-29,18736,5882213,106,116684,NA,NA,701,445783,619475,241912148
"England",2021-08-30,24402,5906615,90,116774,NA,NA,808,446591,600424,242556827
"England",2021-08-31,32855,5939470,95,116869,NA,NA,798,447389,809943,243418695
"England",2021-09-01,30936,5970406,96,116965,NA,NA,835,448224,923737,244405922
"England",2021-09-02,29979,6000385,99,117064,NA,NA,788,449012,1050554,245590121
"England",2021-09-03,28113,6028498,127,117191,NA,NA,688,449700,1100644,246793369
"England",2021-09-04,22965,6051463,110,117301,NA,NA,752,450452,657090,247512438
"England",2021-09-05,22975,6074438,116,117417,NA,NA,691,451143,913493,248480238
"England",2021-09-06,32371,6106809,121,117538,NA,NA,831,451974,1247856,249864469
"England",2021-09-07,27349,6134158,125,117663,NA,NA,801,452775,1046206,251068352
"England",2021-09-08,25060,6159218,113,117776,NA,NA,900,453675,1119627,252346984
"England",2021-09-09,23903,6183121,128,117904,NA,NA,790,454465,1105398,253624351
"England",2021-09-10,20528,6203649,108,118012,NA,NA,680,455145,967623,254733325
"England",2021-09-11,16604,6220253,103,118115,NA,NA,649,455794,651514,255455927
"England",2021-09-12,17509,6237762,103,118218,NA,NA,658,456452,961127,256463222
"England",2021-09-13,24639,6262401,71,118289,NA,NA,688,457140,956103,257570820
"England",2021-09-14,22144,6284545,118,118407,NA,NA,701,457841,780563,258448110
"England",2021-09-15,21954,6306499,101,118508,NA,NA,691,458532,1014076,259531368
"England",2021-09-16,21729,6328228,113,118621,NA,NA,672,459204,924282,260578463
"England",2021-09-17,21916,6350144,122,118743,NA,NA,540,459744,773676,261420553
"England",2021-09-18,20523,6370667,92,118835,NA,NA,560,460304,631554,262085917
"England",2021-09-19,24262,6394929,90,118925,NA,NA,572,460876,1017653,263140158
"England",2021-09-20,31456,6426385,102,119027,NA,NA,606,461482,907467,264213430
"England",2021-09-21,29951,6456336,92,119119,NA,NA,602,462084,789577,265069971
"England",2021-09-22,28187,6484523,101,119220,NA,NA,572,462656,854373,265969382
"England",2021-09-23,27716,6512239,102,119322,NA,NA,577,463233,959997,267137803
"England",2021-09-24,25218,6537457,91,119413,NA,NA,557,463790,819383,268017329
"England",2021-09-25,22657,6560114,91,119504,NA,NA,520,464310,682408,268733807
"England",2021-09-26,26269,6586383,68,119572,NA,NA,535,464845,1012531,269780709
"England",2021-09-27,33903,6620286,77,119649,NA,NA,617,465462,935366,270813622
"England",2021-09-28,29022,6649308,76,119725,NA,NA,596,466058,768631,271651277
"England",2021-09-29,28142,6677450,84,119809,NA,NA,625,466683,1010924,272708969
"England",2021-09-30,26246,6703696,81,119890,NA,NA,552,467235,932846,273770310
"England",2021-10-01,23671,6727367,98,119988,NA,NA,520,467755,825558,274655236
"England",2021-10-02,21440,6748807,74,120062,NA,NA,549,468304,650177,275292321
"England",2021-10-03,26629,6775436,75,120137,NA,NA,577,468881,924980,276249802
"England",2021-10-04,35789,6811225,80,120217,NA,NA,627,469508,881998,277226574
"England",2021-10-05,31593,6842818,86,120303,NA,NA,658,470166,772715,278056049
"England",2021-10-06,31917,6874735,74,120377,NA,NA,632,470798,959529,279070220
"England",2021-10-07,31567,6906302,90,120467,NA,NA,634,471432,892854,280076404
"England",2021-10-08,29266,6935568,90,120557,NA,NA,619,472051,798238,280932999
"England",2021-10-09,26602,6962170,90,120647,NA,NA,613,472664,655126,281618077
"England",2021-10-10,30922,6993092,70,120717,NA,NA,606,473270,879451,282531106
"England",2021-10-11,42276,7035368,90,120807,NA,NA,685,473955,883867,283505618
"England",2021-10-12,40065,7075433,85,120892,NA,NA,760,474715,800480,284362791
"England",2021-10-13,39761,7115194,89,120981,NA,NA,752,475467,959549,285369319
"England",2021-10-14,38466,7153660,110,121091,NA,NA,730,476197,896469,286374533
"England",2021-10-15,35918,7189578,105,121196,NA,NA,752,476949,826424,287256557
"England",2021-10-16,31036,7220614,96,121292,NA,NA,743,477692,691155,287981227
"England",2021-10-17,36771,7257385,102,121394,NA,NA,828,478520,897406,288914044
"England",2021-10-18,48243,7305628,95,121489,NA,NA,896,479416,853034,289851035
"England",2021-10-19,43687,7349315,103,121592,NA,NA,894,480310,799095,290707364
"England",2021-10-20,43112,7392427,117,121709,NA,NA,903,481213,1008194,291762130
"England",2021-10-21,37787,7430214,111,121820,NA,NA,799,482012,912855,292784718
"England",2021-10-22,33798,7464012,102,121922,NA,NA,760,482772,824725,293656512
"England",2021-10-23,29176,7493188,130,122052,NA,NA,756,483528,656760,294345166
"England",2021-10-24,29485,7522673,120,122172,NA,NA,829,484357,739851,295116744
"England",2021-10-25,39123,7561796,113,122285,NA,NA,865,485222,729721,295917270
"England",2021-10-26,34546,7596342,129,122414,NA,NA,911,486133,733902,296694737
"England",2021-10-27,35766,7632108,130,122544,NA,NA,955,487088,809425,297541197
"England",2021-10-28,34346,7666454,153,122697,NA,NA,888,487976,771876,298398911
"England",2021-10-29,33262,7699716,129,122826,NA,NA,840,488816,735186,299177311
"England",2021-10-30,27684,7727400,131,122957,NA,NA,741,489557,617629,299828069
"England",2021-10-31,28897,7756297,150,123107,NA,NA,860,490417,866687,300730995
"England",2021-11-01,36734,7793031,136,123243,NA,NA,899,491316,850669,301666348
"England",2021-11-02,30403,7823434,127,123370,NA,NA,891,492207,772399,302491124
"England",2021-11-03,28419,7851853,128,123498,NA,NA,807,493014,895698,303427435
"England",2021-11-04,26061,7877914,120,123618,NA,NA,717,493731,838117,304352559
"England",2021-11-05,23825,7901739,123,123741,NA,NA,686,494417,734420,305138118
"England",2021-11-06,22051,7923790,136,123877,NA,NA,688,495105,599089,305766623
"England",2021-11-07,24877,7948667,133,124010,NA,NA,739,495844,792077,306588779
"England",2021-11-08,35280,7983947,125,124135,NA,NA,850,496694,861218,307531729
"England",2021-11-09,33881,8017828,121,124256,NA,NA,808,497502,757518,308339428
"England",2021-11-10,34559,8052387,119,124375,NA,NA,821,498323,929295,309307555
"England",2021-11-11,32899,8085286,121,124496,NA,NA,797,499120,880925,310279751
"England",2021-11-12,30553,8115839,116,124612,NA,NA,729,499849,742052,311068370
"England",2021-11-13,26793,8142632,109,124721,NA,NA,655,500504,608657,311708246
"England",2021-11-14,28901,8171533,99,124820,NA,NA,678,501182,827911,312564756
"England",2021-11-15,41502,8213035,133,124953,NA,NA,695,501877,850445,313494080
"England",2021-11-16,37615,8250650,128,125081,NA,NA,713,502590,717163,314261038
"England",2021-11-17,37378,8288028,98,125179,NA,NA,727,503317,945489,315305242
"England",2021-11-18,36189,8324217,105,125284,NA,NA,697,504014,895963,316265325
"England",2021-11-19,32410,8356627,101,125385,NA,NA,637,504651,777180,317089734
"England",2021-11-20,29141,8385768,94,125479,NA,NA,611,505262,664782,317783232
"England",2021-11-21,30954,8416722,82,125561,NA,NA,648,505910,903819,318785165
"England",2021-11-22,41733,8458455,84,125645,NA,NA,602,506512,913444,319777814
"England",2021-11-23,39839,8498294,107,125752,NA,NA,659,507171,817812,320676914
"England",2021-11-24,38622,8536916,76,125828,NA,NA,752,507923,985329,321707277
"England",2021-11-25,35610,8572526,88,125916,NA,NA,650,508573,942502,322742831
"England",2021-11-26,31271,8603797,37,125953,NA,NA,620,509193,796731,323586039
"England",2021-11-27,24458,8628255,14,125967,NA,NA,609,509802,668758,324285417
"England",2021-11-28,11499,8639754,7,125974,NA,NA,NA,509802,913689,325231843
"England",2021-11-29,NA,8639754,NA,125974,NA,NA,NA,509802,NA,325231843
